1,./aligned-images/will-smith/smith2.jpg
1,./aligned-images/will-smith/smith-test.jpeg
1,./aligned-images/will-smith/smith4.jpg98.jpg
1,./aligned-images/will-smith/smith3.jpg104.jpg
1,./aligned-images/will-smith/smith3.jpg103.jpg
1,./aligned-images/will-smith/smith2.jpg101.jpg
1,./aligned-images/will-smith/smith5.jpeg90.jpg
1,./aligned-images/will-smith/smith1.jpg
1,./aligned-images/will-smith/smith2.jpg102.jpg
1,./aligned-images/will-smith/smith1.jpg100.jpg
1,./aligned-images/will-smith/smith-test.jpeg106.jpg
1,./aligned-images/will-smith/fdsfef.jpeg95.jpg
1,./aligned-images/will-smith/fdfdfseh1.jpg92.jpg
1,./aligned-images/will-smith/smith4.jpg97.jpg
1,./aligned-images/will-smith/fesf.jpeg107.jpg
1,./aligned-images/will-smith/fdfdfseh1.jpg91.jpg
1,./aligned-images/will-smith/fdsfef.jpeg
1,./aligned-images/will-smith/smith4.jpg
1,./aligned-images/will-smith/willsmithyoung.jpg
1,./aligned-images/will-smith/fesf.jpeg
1,./aligned-images/will-smith/fdsfef.jpeg96.jpg
1,./aligned-images/will-smith/fesf.jpeg108.jpg
1,./aligned-images/will-smith/fdfdfseh1.jpg
1,./aligned-images/will-smith/smith-test.jpeg105.jpg
1,./aligned-images/will-smith/willsmithyoung.jpg93.jpg
1,./aligned-images/will-smith/smith3.jpg
1,./aligned-images/will-smith/smith1.jpg99.jpg
1,./aligned-images/will-smith/willsmithyoung.jpg94.jpg
1,./aligned-images/will-smith/smith5.jpeg89.jpg
1,./aligned-images/will-smith/smith5.jpeg
2,./aligned-images/amy-adams/fsdfsews.jpeg
2,./aligned-images/amy-adams/5379.jpg
2,./aligned-images/amy-adams/amy2.jpg1.jpg19.jpg
2,./aligned-images/amy-adams/19-amy-adams.w750.h560.2x.jpg
2,./aligned-images/amy-adams/amyadams-750x380.jpg9.jpg
2,./aligned-images/amy-adams/amy-adams-true-american.jpg12.jpg
2,./aligned-images/amy-adams/5379.jpg16.jpg
2,./aligned-images/amy-adams/19-amy-adams.w750.h560.2x.jpg7.jpg
2,./aligned-images/amy-adams/amy-adams-true-american.jpg11.jpg
2,./aligned-images/amy-adams/amy-adams-2000x1333.jpg
2,./aligned-images/amy-adams/amy2.jpg2.jpg
2,./aligned-images/amy-adams/amy-adams-2000x1333.jpg4.jpg
2,./aligned-images/amy-adams/amy-adams-true-american.jpg
2,./aligned-images/amy-adams/fsdfsews.jpeg17.jpg
2,./aligned-images/amy-adams/fgdf.jpeg
2,./aligned-images/amy-adams/fgdf.jpeg21.jpg
2,./aligned-images/amy-adams/amy-adams-2000x1333.jpg3.jpg
2,./aligned-images/amy-adams/amy.jpeg13.jpg
2,./aligned-images/amy-adams/amyadams-750x380.jpg
2,./aligned-images/amy-adams/amy.jpeg
2,./aligned-images/amy-adams/5379.jpg15.jpg
2,./aligned-images/amy-adams/19-amy-adams.w750.h560.2x.jpg8.jpg
2,./aligned-images/amy-adams/amy2.jpg
2,./aligned-images/amy-adams/amy2.jpg1.jpg20.jpg
2,./aligned-images/amy-adams/amy.jpeg14.jpg
2,./aligned-images/amy-adams/amyadams-750x380.jpg10.jpg
2,./aligned-images/amy-adams/fdsfse.jpeg6.jpg
2,./aligned-images/amy-adams/amy2.jpg1.jpg
2,./aligned-images/amy-adams/fdsfse.jpeg5.jpg
2,./aligned-images/amy-adams/fgdf.jpeg22.jpg
2,./aligned-images/amy-adams/fdsfse.jpeg
2,./aligned-images/amy-adams/fsdfsews.jpeg18.jpg
3,./aligned-images/lionel-messi/lionel-messi-cropped_wvosiiy44-1.jpg49.jpg
3,./aligned-images/lionel-messi/fesefaw.jpg59.jpg
3,./aligned-images/lionel-messi/dfefs.jpg
3,./aligned-images/lionel-messi/XVM6bc6aee8-493a-11e8-9455-ca5abf1dba7b.jpg51.jpg
3,./aligned-images/lionel-messi/fefdfe.jpg67.jpg
3,./aligned-images/lionel-messi/fotopress.jpg47.jpg
3,./aligned-images/lionel-messi/GettyImages-923843328.jpg64.jpg
3,./aligned-images/lionel-messi/sdfd.jpeg61.jpg
3,./aligned-images/lionel-messi/sdfd.jpeg62.jpg
3,./aligned-images/lionel-messi/fdfefs.jpg
3,./aligned-images/lionel-messi/XVM6bc6aee8-493a-11e8-9455-ca5abf1dba7b.jpg
3,./aligned-images/lionel-messi/fdfefs.jpg45.jpg
3,./aligned-images/lionel-messi/dfefs.jpg56.jpg
3,./aligned-images/lionel-messi/fotopress.jpg
3,./aligned-images/lionel-messi/dfefs.jpg55.jpg
3,./aligned-images/lionel-messi/lionel-messi-cropped_wvosiiy44-1.jpg
3,./aligned-images/lionel-messi/dffs.jpeg58.jpg
3,./aligned-images/lionel-messi/dfsfesa.jpg
3,./aligned-images/lionel-messi/dfsfesa.jpg66.jpg
3,./aligned-images/lionel-messi/GettyImages-923843328.jpg
3,./aligned-images/lionel-messi/fedfe.jpg54.jpg
3,./aligned-images/lionel-messi/dffs.jpeg
3,./aligned-images/lionel-messi/dfsfesa.jpg65.jpg
3,./aligned-images/lionel-messi/fedfe.jpg
3,./aligned-images/lionel-messi/XVM6bc6aee8-493a-11e8-9455-ca5abf1dba7b.jpg52.jpg
3,./aligned-images/lionel-messi/fdfefs.jpg46.jpg
3,./aligned-images/lionel-messi/sdfd.jpeg
3,./aligned-images/lionel-messi/dffs.jpeg57.jpg
3,./aligned-images/lionel-messi/fedfe.jpg53.jpg
3,./aligned-images/lionel-messi/GettyImages-923843328.jpg63.jpg
3,./aligned-images/lionel-messi/fotopress.jpg48.jpg
3,./aligned-images/lionel-messi/lionel-messi-cropped_wvosiiy44-1.jpg50.jpg
3,./aligned-images/lionel-messi/fesefaw.jpg
3,./aligned-images/lionel-messi/fefdfe.jpg
3,./aligned-images/lionel-messi/fesefaw.jpg60.jpg
3,./aligned-images/lionel-messi/fefdfe.jpg68.jpg
4,./aligned-images/will-ferrel/ferrel4.jpg78.jpg
4,./aligned-images/will-ferrel/dfszxc.jpeg69.jpg
4,./aligned-images/will-ferrel/ferrel5.jpg
4,./aligned-images/will-ferrel/will-ferrell-9542601-1-402.jpg84.jpg
4,./aligned-images/will-ferrel/ferrel2.jpg82.jpg
4,./aligned-images/will-ferrel/ferrel1.jpg71.jpg
4,./aligned-images/will-ferrel/ferrel2.jpg81.jpg
4,./aligned-images/will-ferrel/dfszxc.jpeg70.jpg
4,./aligned-images/will-ferrel/ferrel3.jpg87.jpg
4,./aligned-images/will-ferrel/will-ferrell.jpg80.jpg
4,./aligned-images/will-ferrel/ferreltest.jpg
4,./aligned-images/will-ferrel/ferreltest.jpg86.jpg
4,./aligned-images/will-ferrel/ferrel4.jpg
4,./aligned-images/will-ferrel/will-ferrell-9542601-1-402.jpg
4,./aligned-images/will-ferrel/will-ferrell-9542601-1-402.jpg83.jpg
4,./aligned-images/will-ferrel/ferreltest.jpg85.jpg
4,./aligned-images/will-ferrel/ferrel2.jpg
4,./aligned-images/will-ferrel/ferrel1.jpg72.jpg
4,./aligned-images/will-ferrel/fefs.jpeg73.jpg
4,./aligned-images/will-ferrel/ferrel5.jpg76.jpg
4,./aligned-images/will-ferrel/will-ferrell.jpg79.jpg
4,./aligned-images/will-ferrel/ferrel3.jpg88.jpg
4,./aligned-images/will-ferrel/ferrel3.jpg
4,./aligned-images/will-ferrel/dfszxc.jpeg
4,./aligned-images/will-ferrel/ferrel1.jpg
4,./aligned-images/will-ferrel/fefs.jpeg74.jpg
4,./aligned-images/will-ferrel/fefs.jpeg
4,./aligned-images/will-ferrel/ferrel4.jpg77.jpg
4,./aligned-images/will-ferrel/will-ferrell.jpg
4,./aligned-images/will-ferrel/ferrel5.jpg75.jpg
5,./aligned-images/andre-barbosa/20180718_141321.jpg44.jpg
5,./aligned-images/andre-barbosa/20180718_141330.jpg26.jpg
5,./aligned-images/andre-barbosa/20180718_141319.jpg33.jpg
5,./aligned-images/andre-barbosa/20180718_141301.jpg28.jpg
5,./aligned-images/andre-barbosa/20180718_141309.jpg37.jpg
5,./aligned-images/andre-barbosa/20180718_141301.jpg27.jpg
5,./aligned-images/andre-barbosa/20180718_141307.jpg35.jpg
5,./aligned-images/andre-barbosa/20180718_141321.jpg
5,./aligned-images/andre-barbosa/20180718_141324.jpg24.jpg
5,./aligned-images/andre-barbosa/20180718_141319.jpg34.jpg
5,./aligned-images/andre-barbosa/20180718_141256.jpg39.jpg
5,./aligned-images/andre-barbosa/20180718_141326.jpg31.jpg
5,./aligned-images/andre-barbosa/20180718_141326.jpg
5,./aligned-images/andre-barbosa/20180718_141330.jpg
5,./aligned-images/andre-barbosa/20180718_141330.jpg25.jpg
5,./aligned-images/andre-barbosa/20180718_141333.jpg42.jpg
5,./aligned-images/andre-barbosa/20180718_141319.jpg
5,./aligned-images/andre-barbosa/20180718_141321.jpg43.jpg
5,./aligned-images/andre-barbosa/20180718_141313.jpg29.jpg
5,./aligned-images/andre-barbosa/20180718_141313.jpg30.jpg
5,./aligned-images/andre-barbosa/20180718_141309.jpg38.jpg
5,./aligned-images/andre-barbosa/20180718_141307.jpg36.jpg
5,./aligned-images/andre-barbosa/20180718_141326.jpg32.jpg
5,./aligned-images/andre-barbosa/20180718_141333.jpg
5,./aligned-images/andre-barbosa/20180718_141313.jpg
5,./aligned-images/andre-barbosa/20180718_141307.jpg
5,./aligned-images/andre-barbosa/20180718_141301.jpg
5,./aligned-images/andre-barbosa/20180718_141256.jpg
5,./aligned-images/andre-barbosa/20180718_141309.jpg
5,./aligned-images/andre-barbosa/20180718_141324.jpg23.jpg
5,./aligned-images/andre-barbosa/20180718_141256.jpg40.jpg
5,./aligned-images/andre-barbosa/20180718_141333.jpg41.jpg
5,./aligned-images/andre-barbosa/20180718_141324.jpg
